"","Name","Parameters","fmin","chisq","df","pvalue","baseline.chisq","baseline.df","baseline.pvalue","cfi","tli","nnfi","rfi","nfi","pnfi","ifi","rni","LL","unrestricted.logl","aic","bic","n","bic2","rmsea","rmsea.ci.lower","rmsea.ci.upper","rmsea.ci.level","rmsea.pvalue","rmsea.close.h0","rmsea.notclose.pvalue","rmsea.notclose.h0","rmr","rmr_nomean","srmr","srmr_bentler","srmr_bentler_nomean","crmr","crmr_nomean","srmr_mplus","srmr_mplus_nomean","cn_05","cn_01","gfi","agfi","pgfi","mfi","ecvi"
"1","AMS4CorrFit",46,0.0931799997379681,155.237879563455,164,0.675702390759259,3297.76805322171,190,0,1,1.0032664075688,1.0032664075688,0.94546348924292,0.952926380188626,0.822525928162814,1.00279603349314,1.00281942548044,-19314.3573689279,-19236.7384291462,38720.7147378558,38938.0662853955,833,38791.9861210029,0,0,0.0131873268256135,0.9,1,0.05,0.000000000000000000000000000000000000000000000000000000000000000000000000000000000000000000000000000158702060448788,0.08,0.016585571072816,0.016585571072816,0.022848731099361,0.022848731099361,0.022848731099361,0.0240212130491079,0.0240212130491079,0.0228487311837375,0.0228487311837375,1046.73161049104,1122.7397973138,0.981525029206224,0.976343025203091,0.766524308522955,1.0052732308089,0.296804177147005
