"","Name","Parameters","fmin","chisq","df","pvalue","baseline.chisq","baseline.df","baseline.pvalue","cfi","tli","nnfi","rfi","nfi","pnfi","ifi","rni","LL","unrestricted.logl","aic","bic","n","bic2","rmsea","rmsea.ci.lower","rmsea.ci.upper","rmsea.ci.level","rmsea.pvalue","rmsea.close.h0","rmsea.notclose.pvalue","rmsea.notclose.h0","rmr","rmr_nomean","srmr","srmr_bentler","srmr_bentler_nomean","crmr","crmr_nomean","srmr_mplus","srmr_mplus_nomean","cn_05","cn_01","gfi","agfi","pgfi","mfi","ecvi"
"1","bifacF",66,0.31448732418766,191.208293106097,187,0.401134520731558,1439.3174794414,231,0,0.99651722897525,0.995697753440015,0.995697753440015,0.835895496933056,0.867153497517236,0.701981402752048,0.99663959564952,0.99651722897525,-8260.39293474855,-8164.7887881955,16652.7858694971,16898.1096977899,304,16688.790933423,0.00860390081534988,0,0.0268577960766633,0.9,0.999999912886668,0.05,0.000000000000000000000000000333757362417327,0.08,0.0327734069158112,0.0327734069158112,0.0387283581785656,0.0387283581785656,0.0387283581785656,0.0405306270445612,0.0405306270445612,0.0387283551351272,0.0387283551351272,350.625809028465,374.4756516369,0.9476712992813,0.929202346086465,0.700452699468787,0.993102363937186,1.06318517469111
