"","Name","Parameters","fmin","chisq","df","pvalue","baseline.chisq","baseline.df","baseline.pvalue","cfi","tli","nnfi","rfi","nfi","pnfi","ifi","rni","LL","unrestricted.logl","aic","bic","n","bic2","rmsea","rmsea.ci.lower","rmsea.ci.upper","rmsea.ci.level","rmsea.pvalue","rmsea.close.h0","rmsea.notclose.pvalue","rmsea.notclose.h0","rmr","rmr_nomean","srmr","srmr_bentler","srmr_bentler_nomean","crmr","crmr_nomean","srmr_mplus","srmr_mplus_nomean","cn_05","cn_01","gfi","agfi","pgfi","mfi","ecvi"
"1","configural",132,0.196621969405575,327.572201029687,328,0.496279682701113,2454.8834914134,380,0,1,1.00023886678955,1.00023886678955,0.845408394911968,0.866563035608225,0.747980725472362,1.00020113888327,1.00020617975519,-19086.8344782071,-18923.0483776922,38437.6689564141,39061.3733971801,833,38642.1868384885,0,0,0.0183387399299834,0.9,1,0.05,0.000000000000000000000000000000000000000000000000000000000000000000000000000134400607016172,0.08,0.0223952707798655,0.023437462407315,0.0340102181670194,0.0340102181670194,0.0355929257381763,0.0355929313944535,0.0374193814614943,0.0340102235798246,0.0355929313967778,945.031921453864,994.040677375874,0.994317305698717,0.992030367748201,0.708991470150389,1.00025681506637,0.710170709519433
