"","Name","Parameters","fmin","chisq","df","pvalue","baseline.chisq","baseline.df","baseline.pvalue","cfi","tli","nnfi","rfi","nfi","pnfi","ifi","rni","LL","unrestricted.logl","aic","bic","n","bic2","rmsea","rmsea.ci.lower","rmsea.ci.upper","rmsea.ci.level","rmsea.pvalue","rmsea.close.h0","rmsea.notclose.pvalue","rmsea.notclose.h0","rmr","rmr_nomean","srmr","srmr_bentler","srmr_bentler_nomean","crmr","crmr_nomean","srmr_mplus","srmr_mplus_nomean","cn_05","cn_01","gfi","agfi","pgfi","mfi","ecvi"
"1","grmsAAW4fit",50,0.382323337913522,232.452589451422,203,0.0764782198224385,1439.3174794414,231,0,0.975625123402967,0.972263071458549,0.972263071458549,0.816221911176045,0.838498043154706,0.736861916711711,0.976177163276273,0.975625123402967,-8281.01508292121,-8164.7887881955,16662.0301658424,16847.8815509127,304,16689.3067294226,0.0218462516012736,0,0.0339859693029672,0.9,0.999994465698055,0.05,0.000000000000000000000000111048459216629,0.08,0.0394430706161219,0.0394430706161219,0.0465120546044849,0.0465120546044849,0.0465120546044849,0.0486765516570084,0.0486765516570084,0.0465120556162188,0.0465120556162188,311.261439272681,331.601012996345,0.936305419807141,0.920617099562594,0.751264823007311,0.952712824669924,1.0935940442481
