"","Items","Response","Stigma"
"1","cold",0.504139055931489,0.325840114458868
"2","unresponsive",0.449038970920973,0.278361727667755
"3","unsupportive",0.464447344201662,0.258139051603187
"4","negative",0.287424254209482,0.440167027803611
"5","heterosexism",0.292547667585265,0.43656226959281
"6","harassed",0.270403250235121,0.429115020092814
