"","Items","ResponseT1","StigmaT1"
"1","cold",0.691836224593725,-0.0193362969314908
"2","unresponsive",0.611240041797656,0.0869674938312631
"3","unsupportive",0.586410275777544,-0.0245414730642069
"4","negative",-0.0512918785400286,0.688020666463935
"5","heterosexism",-0.00965615373526791,0.628755578729979
"6","harassed",0.128551811608124,0.587097664441594
