"Vaccounted.RC1","Vaccounted.RC2","Vaccounted.RC3","Vaccounted.RC4"
3.83753818557665,3.78763192597414,2.31568428865015,2.20406334295764
0.153501527423066,0.151505277038966,0.0926273715460059,0.0881625337183056
0.153501527423066,0.305006804462031,0.397634176008037,0.485796709726343
0.3159789359412,0.311869706001737,0.190671055796538,0.181480302260526
0.3159789359412,0.627848641942937,0.818519697739474,1
