"","Name","Parameters","fmin","chisq","df","pvalue","baseline.chisq","baseline.df","baseline.pvalue","cfi","tli","nnfi","rfi","nfi","pnfi","ifi","rni","LL","unrestricted.logl","aic","bic","n","bic2","rmsea","rmsea.ci.lower","rmsea.ci.upper","rmsea.ci.level","rmsea.pvalue","rmsea.close.h0","rmsea.notclose.pvalue","rmsea.notclose.h0","rmr","rmr_nomean","srmr","srmr_bentler","srmr_bentler_nomean","crmr","crmr_nomean","srmr_mplus","srmr_mplus_nomean","cn_05","cn_01","gfi","agfi","pgfi","mfi","ecvi"
"1","secondF",48,0.386087345580346,234.741106112851,205,0.0755305223856828,1439.3174794414,231,0,0.975386347860663,0.972264616369821,0.972264616369821,0.81622320814028,0.836908041856092,0.74271059991558,0.975904816541762,0.975386347860663,-8282.15934125192,-8164.7887881955,16660.3186825038,16838.7360121713,304,16686.5041835409,0.0218456431887331,0,0.0339318284649257,0.9,0.999994998814117,0.05,0.0000000000000000000000000645837680136161,0.08,0.0398979950702042,0.0398979950702042,0.0470348417111016,0.0470348417111016,0.0470348417111016,0.0492236591358763,0.0492236591358763,0.0470348349150421,0.0470348349150421,311.037925638812,331.266500225895,0.935674226072193,0.920612581445194,0.758155005315413,0.952260837309109,1.0879641648449
