"","Name","Parameters","fmin","chisq","df","pvalue","baseline.chisq","baseline.df","baseline.pvalue","cfi","tli","nnfi","rfi","nfi","pnfi","ifi","rni","LL","unrestricted.logl","aic","bic","n","bic2","rmsea","rmsea.ci.lower","rmsea.ci.upper","rmsea.ci.level","rmsea.pvalue","rmsea.close.h0","rmsea.notclose.pvalue","rmsea.notclose.h0","rmr","rmr_nomean","srmr","srmr_bentler","srmr_bentler_nomean","crmr","crmr_nomean","srmr_mplus","srmr_mplus_nomean","cn_05","cn_01","gfi","agfi","pgfi","mfi","ecvi"
"1","strict",80,0.263920861257182,439.692154854465,380,0.0185281181275434,2454.8834914134,380,0,0.971231081117811,0.971231081117811,0.971231081117811,0.820890825820287,0.820890825820287,0.820890825820287,0.971231081117811,0.971231081117811,-19142.8944551194,-18923.0483776922,38445.7889102389,38823.7916016122,833,38569.7391417991,0.0194204517164073,0.00864082586567436,0.0270538946430834,0.9,1,0.05,0.0000000000000000000000000000000000000000000000000000000000000000000000000601468024567424,0.08,0.0306931142911428,0.0305637902382089,0.0461270464313478,0.0461270464313478,0.0466970256471097,0.044460624317697,0.0449333038704357,0.0506232319099036,0.0454840847665453,808.919708361316,847.954618380343,0.992290507431229,0.990667456364119,0.819718245269276,0.964804658303596,0.719918553246657
