"","Name","Parameters","fmin","chisq","df","pvalue","baseline.chisq","baseline.df","baseline.pvalue","cfi","tli","nnfi","rfi","nfi","pnfi","ifi","rni","LL","unrestricted.logl","aic","bic","n","bic2","rmsea","rmsea.ci.lower","rmsea.ci.upper","rmsea.ci.level","rmsea.pvalue","rmsea.close.h0","rmsea.notclose.pvalue","rmsea.notclose.h0","rmr","rmr_nomean","srmr","srmr_bentler","srmr_bentler_nomean","crmr","crmr_nomean","srmr_mplus","srmr_mplus_nomean","cn_05","cn_01","gfi","agfi","pgfi","mfi","ecvi"
"1","strong",100,0.247746835103698,412.746227282762,360,0.0286024331963961,2454.8834914134,380,0,0.974578704056857,0.973166409837794,0.973166409837794,0.822526578240145,0.831867284648559,0.788084795982845,0.974821402956794,0.974578704056857,-19129.4214913336,-18923.0483776922,38458.8429826672,38931.3463468839,833,38613.7807721175,0.0187558585010032,0.00667082726577039,0.0267269466277119,0.9,0.999999999999999,0.05,0.0000000000000000000000000000000000000000000000000000000000000000000000529148247461156,0.08,0.0298592371199591,0.0295888332199307,0.0446254337388407,0.0446254337388407,0.0450163158475675,0.0435647785780269,0.0439150486899869,0.0442133916445173,0.0430723058252839,818.858081110849,859.430704988208,0.992640668388641,0.990596409607708,0.776849218738937,0.968835542255479,0.735589708622763
