"","Name","Parameters","fmin","chisq","df","pvalue","baseline.chisq","baseline.df","baseline.pvalue","cfi","tli","nnfi","rfi","nfi","pnfi","ifi","rni","LL","unrestricted.logl","aic","bic","n","bic2","rmsea","rmsea.ci.lower","rmsea.ci.upper","rmsea.ci.level","rmsea.pvalue","rmsea.close.h0","rmsea.notclose.pvalue","rmsea.notclose.h0","rmr","rmr_nomean","srmr","srmr_bentler","srmr_bentler_nomean","crmr","crmr_nomean","srmr_mplus","srmr_mplus_nomean","cn_05","cn_01","gfi","agfi","pgfi","mfi","ecvi"
"1","grmsAAW1fit",44,0.731004262615947,444.450591670496,209,0,1439.3174794414,231,0,0.805141781297955,0.784630389855634,0.784630389855634,0.658702911974246,0.691207396548127,0.625378120686401,0.808626150887982,0.805141781297955,-8387.01408403075,-8164.7887881955,16862.0281680615,17025.5773869234,304,16886.0315440121,0.0608751379249155,0.0530246250336011,0.0687173245202811,0.9,0.0121383618767967,0.05,0.0000194437816322027,0.08,0.0574079905939444,0.0574079905939444,0.0669918695980796,0.0669918695980796,0.0669918695980796,0.0701094181643132,0.0701094181643132,0.0669918686901413,0.0669918686901413,167.707090379687,178.48255946222,0.860220333015147,0.830793034702546,0.710616796838599,0.678918449397956,1.75148220944242
