"","Name","Parameters","fmin","chisq","df","pvalue","baseline.chisq","baseline.df","baseline.pvalue","cfi","tli","nnfi","rfi","nfi","pnfi","ifi","rni","LL","unrestricted.logl","aic","bic","n","bic2","rmsea","rmsea.ci.lower","rmsea.ci.upper","rmsea.ci.level","rmsea.pvalue","rmsea.close.h0","rmsea.notclose.pvalue","rmsea.notclose.h0","rmr","rmr_nomean","srmr","srmr_bentler","srmr_bentler_nomean","crmr","crmr_nomean","srmr_mplus","srmr_mplus_nomean","cn_05","cn_01","gfi","agfi","pgfi","mfi","ecvi"
"1","weak",116,0.211880318564355,352.992610728215,344,0.357457744547698,2454.8834914134,380,0,0.995665968346931,0.995212406894866,0.995212406894866,0.841159998321166,0.856207998480213,0.77509355651893,0.995739882961426,0.995665968346931,-19099.5446830563,-18923.0483776922,38431.0893661126,38979.193268604,833,38610.817201875,0.00792238917976023,0,0.0200364526952174,0.9,1,0.05,0.00000000000000000000000000000000000000000000000000000000000000000000000000000859539712994507,0.08,0.0255212916919703,0.0267089565692792,0.0385653077271912,0.0385653077271912,0.040359992025424,0.0387503931757677,0.040738868287002,0.0390909728900365,0.0394030010812453,917.203234880605,963.674670555612,0.993854034476374,0.991781557730034,0.743229973608418,0.994616816017773,0.702272041690535
