"","Name","Parameters","fmin","chisq","df","pvalue","baseline.chisq","baseline.df","baseline.pvalue","cfi","tli","nnfi","rfi","nfi","pnfi","ifi","rni","LL","unrestricted.logl","aic","bic","n","bic2","rmsea","rmsea.ci.lower","rmsea.ci.upper","rmsea.ci.level","rmsea.pvalue","rmsea.close.h0","rmsea.notclose.pvalue","rmsea.notclose.h0","rmr","rmr_nomean","srmr","srmr_bentler","srmr_bentler_nomean","crmr","crmr_nomean","srmr_mplus","srmr_mplus_nomean","cn_05","cn_01","gfi","agfi","pgfi","mfi","ecvi"
"1","bifacF",35,0.491803426760921,262.623029890332,43,0,1940.15667897095,66,0,0.882815010956864,0.820134667980302,0.820134667980302,0.792235432483812,0.864638236315211,0.563324911538698,0.884235692115077,0.882815010956864,-2996.88969734784,-2865.57818240268,6063.77939469568,6189.33309773969,267,6078.36240891957,0.138308566751377,0.12248505700096,0.154628783079829,0.9,0,0.05,0.999999998046735,0.08,0.0685575729289285,0.0685575729289285,0.0839998324233555,0.0839998324233555,0.0839998324233555,0.0778682289323001,0.0778682289323001,0.101328404151704,0.101328404151704,61.2918857413013,69.5836497384957,0.892286100588724,0.804611996416755,0.491901311863015,0.662801929571419,1.24577913816604
