"","Name","Parameters","fmin","chisq","df","pvalue","baseline.chisq","baseline.df","baseline.pvalue","cfi","tli","nnfi","rfi","nfi","pnfi","ifi","rni","LL","unrestricted.logl","aic","bic","n","bic2","rmsea","rmsea.ci.lower","rmsea.ci.upper","rmsea.ci.level","rmsea.pvalue","rmsea.close.h0","rmsea.notclose.pvalue","rmsea.notclose.h0","rmr","rmr_nomean","srmr","srmr_bentler","srmr_bentler_nomean","crmr","crmr_nomean","srmr_mplus","srmr_mplus_nomean","cn_05","cn_01","gfi","agfi","pgfi","mfi","ecvi"
"1","configural",78,0.63563349053975,339.428283948227,102,0,2156.98713718552,132,0,0.88275071994866,0.848265637580618,0.848265637580618,0.796354774400069,0.842637780218235,0.651129193805,0.88446239898445,0.88275071994866,-2897.9666384,-2728.25249642589,5951.9332768,6231.73867215522,267,5984.4325656418,0.132046078497086,0.116659623317619,0.147721814408657,0.9,0.000000000000000222044604925031,0.05,0.999999956007524,0.08,0.0459192922327509,0.0493252322598545,0.0733898424199413,0.0733898424199413,0.0788333366404951,0.0788333080751302,0.0857008412003317,0.0733898158707402,0.0788333080822832,100.565354937492,109.65889951171,0.991367204546629,0.984765655082287,0.56177474924309,0.641066390190485,1.85553664400085
