"","Name","Parameters","fmin","chisq","df","pvalue","baseline.chisq","baseline.df","baseline.pvalue","cfi","tli","nnfi","rfi","nfi","pnfi","ifi","rni","LL","unrestricted.logl","aic","bic","n","bic2","rmsea","rmsea.ci.lower","rmsea.ci.upper","rmsea.ci.level","rmsea.pvalue","rmsea.close.h0","rmsea.notclose.pvalue","rmsea.notclose.h0","rmr","rmr_nomean","srmr","srmr_bentler","srmr_bentler_nomean","crmr","crmr_nomean","srmr_mplus","srmr_mplus_nomean","cn_05","cn_01","gfi","agfi","pgfi","mfi","ecvi"
"1","corrF_fit",27,0.420963584708786,224.794554234492,51,0,1940.15667897095,66,0,0.907267862828887,0.879993704837383,0.879993704837383,0.850058192335335,0.884135875895486,0.683195904101057,0.908004160708809,0.907267862828887,-2977.97545951992,-2865.57818240268,6009.95091903984,6106.80663281665,267,6021.2006728697,0.112973702775791,0.098111707951081,0.12827677634603,0.9,0.0000000000188624671437765,0.05,0.999822737188945,0.08,0.0390348494734269,0.0390348494734269,0.061437896198702,0.061437896198702,0.061437896198702,0.0667900489712287,0.0667900489712287,0.0614379092836247,0.0614379092836247,82.5620357753627,92.9152687157861,0.87899615877816,0.814935301660715,0.574728257662643,0.72219653590922,1.04417436042881
