"","Name","Parameters","fmin","chisq","df","pvalue","baseline.chisq","baseline.df","baseline.pvalue","cfi","tli","cfi.robust","tli.robust","nnfi","rfi","nfi","pnfi","ifi","rni","nnfi.robust","rni.robust","LL","unrestricted.logl","aic","bic","n","bic2","rmsea","rmsea.ci.lower","rmsea.ci.upper","rmsea.ci.level","rmsea.pvalue","rmsea.close.h0","rmsea.notclose.pvalue","rmsea.notclose.h0","rmsea.robust","rmsea.ci.lower.robust","rmsea.ci.upper.robust","rmsea.pvalue.robust","rmsea.notclose.pvalue.robust","rmr","rmr_nomean","srmr","srmr_bentler","srmr_bentler_nomean","crmr","crmr_nomean","srmr_mplus","srmr_mplus_nomean","cn_05","cn_01","gfi","agfi","pgfi","mfi","ecvi"
"1","msmt_fit",44,0.949525733653268,212.693764338332,60,0,1040.62859272804,78,0,0.841378320266172,0.793791816346024,0.830931610094369,0.78021109312268,0.793791816346024,0.734293391924804,0.795610301480618,0.61200792421586,0.844289912133248,0.841378320266172,0.78021109312268,0.830931610094369,-1123.97577403363,-1017.62889186446,2335.95154806726,2455.56549840424,112,2316.5099112613,0.150739133471938,0.129082618217487,0.172952009520951,0.9,0.00000000000113908882326541,0.05,0.999999849471408,0.08,0.158074322766838,0.136084347866326,0.180640446454679,0.0000000000000646149800331841,0.999999986114018,0.0374233013648325,0.039638664437335,0.0707766748400335,0.0707766748400335,0.0753259253631165,0.0755550728232786,0.0812437144406574,0.0769938185178233,0.0756406691411162,42.642865319502,47.5387170505704,0.987977636830179,0.97916123717231,0.569987098171257,0.505772360783178,2.68476575302082
