"","Name","Parameters","fmin","chisq","df","pvalue","baseline.chisq","baseline.df","baseline.pvalue","cfi","tli","cfi.robust","tli.robust","nnfi","rfi","nfi","pnfi","ifi","rni","nnfi.robust","rni.robust","LL","unrestricted.logl","aic","bic","n","bic2","rmsea","rmsea.ci.lower","rmsea.ci.upper","rmsea.ci.level","rmsea.pvalue","rmsea.close.h0","rmsea.notclose.pvalue","rmsea.notclose.h0","rmsea.robust","rmsea.ci.lower.robust","rmsea.ci.upper.robust","rmsea.pvalue.robust","rmsea.notclose.pvalue.robust","rmr","rmr_nomean","srmr","srmr_bentler","srmr_bentler_nomean","crmr","crmr_nomean","srmr_mplus","srmr_mplus_nomean","cn_05","cn_01","gfi","agfi","pgfi","mfi","ecvi"
"1","parc_msmt_fit",35,0.589421177376794,132.030343732402,30,0.0000000000000092148511043888,786.653593794387,45,0,0.862428572333341,0.793642858500012,0.850904152644685,0.776356228967027,0.793642858500012,0.748243042222258,0.832162028148172,0.554774685432115,0.865155806343626,0.862428572333341,0.776356228967027,0.850904152644685,-813.181426048719,-747.166254182518,1696.36285209744,1791.51031259277,112,1680.89791372907,0.174258927260217,0.144489513923131,0.20518944991833,0.9,0.000000000128167920721012,0.05,0.999999632240318,0.08,0.184096234245442,0.15400220875646,0.215366402898983,0.00000000000721167570105763,0.999999967005619,0.0354233045334244,0.0380317172861116,0.0664353470472301,0.0664353470472301,0.0717692759860664,0.0717649919702277,0.078834534271222,0.0712920412633643,0.0716369869500107,38.1321675449064,44.1713206658196,0.992371586821556,0.983471771446705,0.458017655456103,0.634135512070509,1.80384235475359
