"","Name","Parameters","fmin","chisq","df","pvalue","baseline.chisq","baseline.df","baseline.pvalue","cfi","tli","cfi.robust","tli.robust","nnfi","rfi","nfi","pnfi","ifi","rni","nnfi.robust","rni.robust","LL","unrestricted.logl","aic","bic","n","bic2","rmsea","rmsea.ci.lower","rmsea.ci.upper","rmsea.ci.level","rmsea.pvalue","rmsea.close.h0","rmsea.notclose.pvalue","rmsea.notclose.h0","rmsea.robust","rmsea.ci.lower.robust","rmsea.ci.upper.robust","rmsea.pvalue.robust","rmsea.notclose.pvalue.robust","rmr","rmr_nomean","srmr","srmr_bentler","srmr_bentler_nomean","crmr","crmr_nomean","srmr_mplus","srmr_mplus_nomean","cn_05","cn_01","gfi","agfi","pgfi","mfi","ecvi"
"1","ReC_struct_fit1",41,1.40458559841419,314.627174044779,63,0,1040.62859272804,78,0,0.738604093057654,0.676366972357096,0.733894258638102,0.670535748790031,0.676366972357096,0.625670091440581,0.697656612317392,0.563491879179432,0.742614755832148,0.738604093057654,0.670535748790031,0.733894258638102,-1174.94247888685,-1017.62889186446,2431.8849577737,2543.3434114968,112,2413.76888711361,0.188842388167235,0.168356769331083,0.209873431159531,0.9,0,0.05,1,0.08,0.193536371443141,0.172669831145974,0.214958113807141,0,1,0.153201801681584,0.163702130926377,0.289011874663227,0.289011874663227,0.308895437188395,0.308655102407805,0.33330857423126,0.290707882317489,0.308730977963004,30.3783186423983,33.7534411993165,0.988873089148872,0.981631766214011,0.599028890542105,0.325193269370875,3.54131405397124
