"","Name","Parameters","fmin","chisq","df","pvalue","baseline.chisq","baseline.df","baseline.pvalue","cfi","tli","nnfi","rfi","nfi","pnfi","ifi","rni","LL","unrestricted.logl","aic","bic","n","bic2","rmsea","rmsea.ci.lower","rmsea.ci.upper","rmsea.ci.level","rmsea.pvalue","rmsea.close.h0","rmsea.notclose.pvalue","rmsea.notclose.h0","rmr","rmr_nomean","srmr","srmr_bentler","srmr_bentler_nomean","crmr","crmr_nomean","srmr_mplus","srmr_mplus_nomean","cn_05","cn_01","gfi","agfi","pgfi","mfi","ecvi"
"1","secondF",27,0.420963584712569,224.794554236512,51,0,1940.15667897095,66,0,0.907267862827809,0.879993704835988,0.879993704835988,0.850058192333988,0.884135875894445,0.683195904100253,0.90800416070774,0.907267862827809,-2977.97545952093,-2865.57818240268,6009.95091904186,6106.80663281867,267,6021.20067287172,0.112973702776448,0.0981117079517482,0.128276776346675,0.9,0.0000000000188624671437765,0.05,0.999822737188988,0.08,0.0390348368913483,0.0390348368913483,0.0614377996638433,0.0614377996638433,0.0614377996638433,0.0667899823068758,0.0667899823068758,0.061437847959386,0.061437847959386,82.5620357746297,92.9152687149601,0.878996135849629,0.81493526659355,0.574728242670911,0.722196535906488,1.04417436043637
