"","Name","Parameters","fmin","chisq","df","pvalue","baseline.chisq","baseline.df","baseline.pvalue","cfi","tli","nnfi","rfi","nfi","pnfi","ifi","rni","LL","unrestricted.logl","aic","bic","n","bic2","rmsea","rmsea.ci.lower","rmsea.ci.upper","rmsea.ci.level","rmsea.pvalue","rmsea.close.h0","rmsea.notclose.pvalue","rmsea.notclose.h0","rmr","rmr_nomean","srmr","srmr_bentler","srmr_bentler_nomean","crmr","crmr_nomean","srmr_mplus","srmr_mplus_nomean","cn_05","cn_01","gfi","agfi","pgfi","mfi","ecvi"
"1","strict",48,0.860301692589962,459.40110384304,132,0,2156.98713718552,132,0,0.838319415550418,0.838319415550418,0.838319415550418,0.787017226054265,0.787017226054265,0.787017226054265,0.838319415550418,0.838319415550418,-2957.95304834741,-2728.25249642589,6011.90609669481,6184.09403229803,267,6031.905659059,0.136305214706489,0.122841049495103,0.149998667025659,0.9,0,0.05,0.999999999980228,0.08,0.0687225997554098,0.0729218943773513,0.115613054677784,0.115613054677784,0.123144569865311,0.0937406877836195,0.100287915443972,0.196160791432083,0.109009010981939,93.8822692245756,101.378056840003,0.985574928657404,0.980329448169187,0.722754947682096,0.541663303757157,2.08015394697768
