"","Name","Parameters","fmin","chisq","df","pvalue","baseline.chisq","baseline.df","baseline.pvalue","cfi","tli","nnfi","rfi","nfi","pnfi","ifi","rni","LL","unrestricted.logl","aic","bic","n","bic2","rmsea","rmsea.ci.lower","rmsea.ci.upper","rmsea.ci.level","rmsea.pvalue","rmsea.close.h0","rmsea.notclose.pvalue","rmsea.notclose.h0","rmr","rmr_nomean","srmr","srmr_bentler","srmr_bentler_nomean","crmr","crmr_nomean","srmr_mplus","srmr_mplus_nomean","cn_05","cn_01","gfi","agfi","pgfi","mfi","ecvi"
"1","strong",60,0.77383171370124,413.226135116462,120,0,2156.98713718552,132,0,0.855196050517136,0.840715655568849,0.840715655568849,0.789266824640775,0.808424386037068,0.734931260033698,0.85604909831605,0.855196050517136,-2934.86556398412,-2728.25249642589,5989.73112796824,6204.96604747225,267,6014.73058092347,0.135291366142072,0.121157574636206,0.14967603786459,0.9,0,0.05,0.999999999680509,0.08,0.0681724727594487,0.0723047832884997,0.102530583721509,0.102530583721509,0.109114078099038,0.0929346144161285,0.0996471644791375,0.148895622642247,0.0995200243949538,95.7023461210547,103.70331590382,0.987870133543302,0.981805200314952,0.658580089028868,0.577462015614178,1.99710162964967
