"","Name","Parameters","fmin","chisq","df","pvalue","baseline.chisq","baseline.df","baseline.pvalue","cfi","tli","nnfi","rfi","nfi","pnfi","ifi","rni","LL","unrestricted.logl","aic","bic","n","bic2","rmsea","rmsea.ci.lower","rmsea.ci.upper","rmsea.ci.level","rmsea.pvalue","rmsea.close.h0","rmsea.notclose.pvalue","rmsea.notclose.h0","rmr","rmr_nomean","srmr","srmr_bentler","srmr_bentler_nomean","crmr","crmr_nomean","srmr_mplus","srmr_mplus_nomean","cn_05","cn_01","gfi","agfi","pgfi","mfi","ecvi"
"1","uniDfit",24,0.64601602291012,344.972556234004,54,0,1940.15667897095,66,0,0.844744807358492,0.810243653438157,0.810243653438157,0.782680889200332,0.822193454800271,0.672703735745677,0.84573256321805,0.844744807358492,-3038.06446051968,-2865.57818240268,6124.12892103936,6210.22288884096,267,6134.12870222145,0.142060554042921,0.127944644561352,0.156566789245594,0.9,0,0.05,0.999999999998929,0.08,0.0466467517486857,0.0466467517486857,0.0738828056196068,0.0738828056196068,0.0738828056196068,0.080319076293421,0.080319076293421,0.0738828043817741,0.0738828043817741,56.8447574117382,63.7451711964552,0.810863609251542,0.726802991141116,0.561367114097222,0.579904161780504,1.47180732671912
