"","Name","Parameters","fmin","chisq","df","pvalue","baseline.chisq","baseline.df","baseline.pvalue","cfi","tli","nnfi","rfi","nfi","pnfi","ifi","rni","LL","unrestricted.logl","aic","bic","n","bic2","rmsea","rmsea.ci.lower","rmsea.ci.upper","rmsea.ci.level","rmsea.pvalue","rmsea.close.h0","rmsea.notclose.pvalue","rmsea.notclose.h0","rmr","rmr_nomean","srmr","srmr_bentler","srmr_bentler_nomean","crmr","crmr_nomean","srmr_mplus","srmr_mplus_nomean","cn_05","cn_01","gfi","agfi","pgfi","mfi","ecvi"
"1","weak",69,0.749606414147771,400.28982515491,111,0,2156.98713718552,132,0,0.857139919635743,0.830112336864127,0.830112336864127,0.779312391617796,0.814421783860419,0.684854681882625,0.858606234664378,0.857139919635743,-2928.39740900334,-2728.25249642589,5994.79481800668,6242.3149754363,267,6023.5441889052,0.139721891802799,0.125113792340278,0.154606963801162,0.9,0,0.05,0.999999999944923,0.08,0.0674842949965274,0.0724897611166172,0.101058959479826,0.101058959479826,0.108554736057678,0.0918480735338977,0.0998493829154454,0.141425670788212,0.0990746563185015,92.108526185989,100.099310706597,0.988086383798289,0.980680622375604,0.609319936675612,0.581734427453964,2.01606676087981
